insert into PROVEEDOR (NIT, NOMBRE) values ('627.120.561-5', 'Eazzy');
insert into PROVEEDOR (NIT, NOMBRE) values ('785.586.741-4', 'Pixoboo');

insert into SUCURSAL (ID, NOMBRE, TELEFONO, DIRECCION, CIUDAD) values (1, 'Anemone', '792-870-2766', '100 Anzinger Hill', 'Leiwang');
insert into SUCURSAL (ID, NOMBRE, TELEFONO, DIRECCION, CIUDAD) values (2, 'Cleveland''s Bush Monkeyflower', '126-948-3209', '49162 Meadow Valley Place', 'Jizhou');

insert into TIPO_USUARIO (ID, NOMBRE, ES_CLIENTE) values (1, 'persona natural', 'Y');
insert into TIPO_USUARIO (ID, NOMBRE, ES_CLIENTE) values (2, 'empresa', 'Y');
insert into TIPO_USUARIO (ID, NOMBRE, ES_CLIENTE) values (3, 'gerente de sucursal', 'N');
insert into TIPO_USUARIO (ID, NOMBRE, ES_CLIENTE) values (4, 'cajero', 'N');
insert into TIPO_USUARIO (ID, NOMBRE, ES_CLIENTE) values (5, 'operador', 'N');
insert into TIPO_USUARIO (ID, NOMBRE, ES_CLIENTE) values (6, 'gerente del supermercado', 'N');
insert into TIPO_USUARIO (ID, NOMBRE, ES_CLIENTE) values (7, 'administrador de datos', 'N');

insert into USUARIO (CODIGO_USUARIO, DOCUMENTO, TIPO_DOCUMENTO, NOMBRE, EMAIL, CONTRASENA, ID_TIPO, PUNTOS) values (1, '9404381', 'CE', 'Hasheem Grills', 'hgrills0@toplist.cz', 'tB9Hvu2QcHs', 2, 1594);
insert into USUARIO (CODIGO_USUARIO, DOCUMENTO, TIPO_DOCUMENTO, NOMBRE, EMAIL, CONTRASENA, ID_TIPO, PUNTOS) values (2, '22525898', 'CE', 'Aubrey Pietrusiak', 'apietrusiak1@acquirethisname.com', 'cHJQQJ2Tu8t', 2, 2421);
insert into USUARIO (CODIGO_USUARIO, DOCUMENTO, TIPO_DOCUMENTO, NOMBRE, EMAIL, CONTRASENA, ID_TIPO, PUNTOS) values (3, '493196678', 'CC', 'Cornall Cavozzi', 'ccavozzi2@desdev.cn', 'TJ1eXgqfymf', 2, 2299);
insert into USUARIO (CODIGO_USUARIO, DOCUMENTO, TIPO_DOCUMENTO, NOMBRE, EMAIL, CONTRASENA, ID_TIPO, PUNTOS) values (4, '887596437', 'TI', 'Mason Mainwaring', 'mmainwaring3@nyu.edu', 'L8WLsQZmhzEf', 2, 1197);
insert into USUARIO (CODIGO_USUARIO, DOCUMENTO, TIPO_DOCUMENTO, NOMBRE, EMAIL, CONTRASENA, ID_TIPO, PUNTOS) values (5, '7165031', 'CE', 'Legra Schoffler', 'lschoffler4@ox.ac.uk', 'hxV5bqzppW', 2, 114);
insert into USUARIO (CODIGO_USUARIO, DOCUMENTO, TIPO_DOCUMENTO, NOMBRE, EMAIL, CONTRASENA, ID_TIPO, PUNTOS) values (6, '42020587', 'TI', 'Samson Thatcham', 'sthatcham5@state.tx.us', 'SNlnAqJZlUb', 2, 1267);
insert into USUARIO (CODIGO_USUARIO, DOCUMENTO, TIPO_DOCUMENTO, NOMBRE, EMAIL, CONTRASENA, ID_TIPO, PUNTOS) values (7, '353716696', 'CE', 'Gilberta Binge', 'gbinge6@ucsd.edu', '75qwKT', 2, 2698);
insert into USUARIO (CODIGO_USUARIO, DOCUMENTO, TIPO_DOCUMENTO, NOMBRE, EMAIL, CONTRASENA, ID_TIPO, PUNTOS) values (8, '903911502', 'CE', 'Marlo Golsby', 'mgolsby7@ovh.net', 'GljIkI7', 2, 4327);
insert into USUARIO (CODIGO_USUARIO, DOCUMENTO, TIPO_DOCUMENTO, NOMBRE, EMAIL, CONTRASENA, ID_TIPO, PUNTOS) values (9, '0196145614', 'CE', 'Othella Lyte', 'olyte8@webnode.com', 'pfApCi', 2, 2852);
insert into USUARIO (CODIGO_USUARIO, DOCUMENTO, TIPO_DOCUMENTO, NOMBRE, EMAIL, CONTRASENA, ID_TIPO, PUNTOS) values (10, '41250870', 'TI', 'Jabez Sunderland', 'jsunderland9@slashdot.org', '3QXXI40YHHZO', 2, 4052);

insert into USUARIO (CODIGO_USUARIO, DOCUMENTO, TIPO_DOCUMENTO, NOMBRE, EMAIL, CONTRASENA, ID_TIPO, PUNTOS, DIRECCION, CIUDAD) values (11, '973986136', 'NIT', 'Jada Fetters', 'jfetters2s@vistaprint.com', 'nSH6qMvH', 2, 4498, '53503 Golden Leaf Place', 'Otyniya');
insert into USUARIO (CODIGO_USUARIO, DOCUMENTO, TIPO_DOCUMENTO, NOMBRE, EMAIL, CONTRASENA, ID_TIPO, PUNTOS, DIRECCION, CIUDAD) values (12, '228626061', 'NIT', 'Leoine Mullany', 'lmullany2t@youtube.com', 'UoS9dss', 2, 2642, '3386 Caliangt Point', 'Bela-Bela');
insert into USUARIO (CODIGO_USUARIO, DOCUMENTO, TIPO_DOCUMENTO, NOMBRE, EMAIL, CONTRASENA, ID_TIPO, PUNTOS, DIRECCION, CIUDAD) values (13, '4493091', 'NIT', 'Addison Gethin', 'agethin2u@artisteer.com', 'C0l27A6OG2tn', 2, 1173, '76331 Corry Alley', 'Th? Tr?n Ngan D?a');
insert into USUARIO (CODIGO_USUARIO, DOCUMENTO, TIPO_DOCUMENTO, NOMBRE, EMAIL, CONTRASENA, ID_TIPO, PUNTOS, DIRECCION, CIUDAD) values (14, '999275000', 'NIT', 'Mill Rubinsztein', 'mrubinsztein2v@examiner.com', '0pOwb39', 2, 1077, '609 Larry Lane', 'Mekarsari');
insert into USUARIO (CODIGO_USUARIO, DOCUMENTO, TIPO_DOCUMENTO, NOMBRE, EMAIL, CONTRASENA, ID_TIPO, PUNTOS, DIRECCION, CIUDAD) values (15, '002437965', 'NIT', 'Ketti Krugmann', 'kkrugmann2w@youtu.be', 'e0nsSgEj0', 2, 3416, '79264 New Castle Street', 'Zhonghekou');

insert into USUARIO (CODIGO_USUARIO, DOCUMENTO, TIPO_DOCUMENTO, NOMBRE, EMAIL, CONTRASENA, ID_TIPO, ID_SUCURSAL) values (16, '89368245', 'TI', 'Bernardo Toulmin', 'btoulmin45@nih.gov', '43cQw8sV8Ic', 4, 1);
insert into USUARIO (CODIGO_USUARIO, DOCUMENTO, TIPO_DOCUMENTO, NOMBRE, EMAIL, CONTRASENA, ID_TIPO, ID_SUCURSAL) values (17, '7165578314', 'TI', 'Jilleen Cheyenne', 'jcheyenne46@blog.com', 'zifpRXV', 5, 1);
insert into USUARIO (CODIGO_USUARIO, DOCUMENTO, TIPO_DOCUMENTO, NOMBRE, EMAIL, CONTRASENA, ID_TIPO, ID_SUCURSAL) values (18, '4505488498', 'CC', 'Chryste Tchaikovsky', 'ctchaikovsky47@yelp.com', 'WfsPCX6K0k4', 4, 2);
insert into USUARIO (CODIGO_USUARIO, DOCUMENTO, TIPO_DOCUMENTO, NOMBRE, EMAIL, CONTRASENA, ID_TIPO, ID_SUCURSAL) values (19, '2451284', 'TI', 'Wadsworth Chelam', 'wchelam48@histats.com', 'NEfGvIiprR', 5, 2);

insert into USUARIO (CODIGO_USUARIO, DOCUMENTO, TIPO_DOCUMENTO, NOMBRE, EMAIL, CONTRASENA, ID_TIPO, ID_SUCURSAL) values (20, '0816112', 'TI', 'Mateo Norcliff', 'mnorcliff0@apple.com', 'wOJCwp3oRg1V', 3, 1);
insert into USUARIO (CODIGO_USUARIO, DOCUMENTO, TIPO_DOCUMENTO, NOMBRE, EMAIL, CONTRASENA, ID_TIPO, ID_SUCURSAL) values (21, '7275013', 'TI', 'Colly Dahlberg', 'cdahlberg1@bravesites.com', 'fLCW20D8WXGe', 3, 2);

insert into USUARIO (CODIGO_USUARIO, DOCUMENTO, TIPO_DOCUMENTO, NOMBRE, EMAIL, CONTRASENA, ID_TIPO) values (22, '9980814', 'CC', 'John Doe', 'jdoe@posterous.com', 'rO4kF4', 6);
insert into USUARIO (CODIGO_USUARIO, DOCUMENTO, TIPO_DOCUMENTO, NOMBRE, EMAIL, CONTRASENA, ID_TIPO) values (23, '9980815', 'CC', 'John Bell', 'jbell@posterous.com', 'rO4kF4', 7);

insert into PRODUCTO (CODIGO_BARRAS, NOMBRE, MARCA, UNIDAD_MEDIDA, PRESENTACION, CANTIDAD_PRESENTACION,  VOLUMEN_EMPAQUE, PESO_EMPAQUE, TIPO, CATEGORIA) values ('eeffeefd8eb', 'pot''s', 'broads', 'ml', 'pJcBEgVaYbLFqQXlCy', 67, 18, 54, 'Frutas congeladas', 'Prendas vestir');
insert into PRODUCTO (CODIGO_BARRAS, NOMBRE, MARCA, UNIDAD_MEDIDA, PRESENTACION, CANTIDAD_PRESENTACION,  VOLUMEN_EMPAQUE, PESO_EMPAQUE, TIPO, CATEGORIA) values ('feffcfeffffdfef', 'spar''s', 'sighed', 'ml', 'uwTLpmVvlnIOfQ', 89, 82, 20, 'Helados', 'Electrodomesticos');
insert into PRODUCTO (CODIGO_BARRAS, NOMBRE, MARCA, UNIDAD_MEDIDA, PRESENTACION, CANTIDAD_PRESENTACION,  VOLUMEN_EMPAQUE, PESO_EMPAQUE, TIPO, CATEGORIA) values ('deeffedefffed', 'stages', 'ameers', 'ml', 'dVSyXLDJQKxoWcCpUzkIAN', 7, 29, 45, 'Helados', 'Electrodomesticos');
insert into PRODUCTO (CODIGO_BARRAS, NOMBRE, MARCA, UNIDAD_MEDIDA, PRESENTACION, CANTIDAD_PRESENTACION,  VOLUMEN_EMPAQUE, PESO_EMPAQUE, TIPO, CATEGORIA) values ('fffffffffdfbf', 'recollects', 'beagle', 'ml', 'xHLAvaQcPSgmbCrs', 63, 99, 15, 'Helados', 'Electrodomesticos');
insert into PRODUCTO (CODIGO_BARRAS, NOMBRE, MARCA, UNIDAD_MEDIDA, PRESENTACION, CANTIDAD_PRESENTACION,  VOLUMEN_EMPAQUE, PESO_EMPAQUE, TIPO, CATEGORIA) values ('efddeeffeffffff', 'shots', 'feelers', 'gr', 'RLVzwqb', 51, 53, 79, 'Botana', 'Electrodomesticos');
insert into PRODUCTO (CODIGO_BARRAS, NOMBRE, MARCA, UNIDAD_MEDIDA, PRESENTACION, CANTIDAD_PRESENTACION,  VOLUMEN_EMPAQUE, PESO_EMPAQUE, TIPO, CATEGORIA) values ('eaefffdeff', 'muzzle''s', 'kingdom', 'ml', 'aXjHxhFfGunJKUQOewr', 92, 12, 71, 'Helados', 'Electrodomesticos');
insert into PRODUCTO (CODIGO_BARRAS, NOMBRE, MARCA, UNIDAD_MEDIDA, PRESENTACION, CANTIDAD_PRESENTACION,  VOLUMEN_EMPAQUE, PESO_EMPAQUE, TIPO, CATEGORIA) values ('ff8fedfdff', 'urged', 'overheat', 'ml', 'nlYSWopFwyVag', 44, 95, 86, 'Helados', 'Electrodomesticos');
insert into PRODUCTO (CODIGO_BARRAS, NOMBRE, MARCA, UNIDAD_MEDIDA, PRESENTACION, CANTIDAD_PRESENTACION,  VOLUMEN_EMPAQUE, PESO_EMPAQUE, TIPO, CATEGORIA) values ('ffefeffffff', 'forgetful', 'hungered', 'gr', 'RHdgvLT', 69, 73, 65, 'Helados', 'Electrodomesticos');
insert into PRODUCTO (CODIGO_BARRAS, NOMBRE, MARCA, UNIDAD_MEDIDA, PRESENTACION, CANTIDAD_PRESENTACION,  VOLUMEN_EMPAQUE, PESO_EMPAQUE, TIPO, CATEGORIA) values ('ffffdff9dfef', 'wobbliest', 'hoped', 'ml', 'UnlBVK', 55, 87, 5, 'Frutas congeladas', 'Muebles');
insert into PRODUCTO (CODIGO_BARRAS, NOMBRE, MARCA, UNIDAD_MEDIDA, PRESENTACION, CANTIDAD_PRESENTACION,  VOLUMEN_EMPAQUE, PESO_EMPAQUE, TIPO, CATEGORIA) values ('dfffcee9faafeff', 'gap''s', 'neatly', 'gr', 'MRdfxKYpPj', 63, 37, 69, 'Helados', 'Electrodomesticos');
insert into PRODUCTO (CODIGO_BARRAS, NOMBRE, MARCA, UNIDAD_MEDIDA, PRESENTACION, CANTIDAD_PRESENTACION,  VOLUMEN_EMPAQUE, PESO_EMPAQUE, TIPO, CATEGORIA) values ('ffffeddbfffbf', 'translate', 'dialects', 'ml', 'edflwOZnJFDG', 32, 20, 40, 'Helados', 'Electrodomesticos');

INSERT INTO producto_sucursal (id_producto,id_sucursal,nivel_reorden,precio_venta,precio_unidad_medida) VALUES ('eeffeefd8eb',1,10,6700,100);
INSERT INTO producto_sucursal (id_producto,id_sucursal,nivel_reorden,precio_venta,precio_unidad_medida) VALUES ('feffcfeffffdfef',1,15,8900,100);
INSERT INTO producto_sucursal (id_producto,id_sucursal,nivel_reorden,precio_venta,precio_unidad_medida) VALUES ('deeffedefffed',1,12,7000,1000);
INSERT INTO producto_sucursal (id_producto,id_sucursal,nivel_reorden,precio_venta,precio_unidad_medida) VALUES ('ffffeddbfffbf',1,5,3200,100);
INSERT INTO producto_sucursal (id_producto,id_sucursal,nivel_reorden,precio_venta,precio_unidad_medida) VALUES ('dfffcee9faafeff',1,5,6300,100);
INSERT INTO producto_sucursal (id_producto,id_sucursal,nivel_reorden,precio_venta,precio_unidad_medida) VALUES ('fffffffffdfbf',2,10,6300,100);

INSERT INTO promocion (id,id_sucursal,inicio,duracion,fin,ventas_maximas,ventas_actuales,precio_paquete,id_producto,descripcion) VALUES (1,1,TO_DATE('10/10/2021', 'dd/mm/yyyy'), 10,TO_DATE('10/10/2022', 'dd/mm/yyyy'),15,1,1000,'eeffeefd8eb','Promocion 1');
INSERT INTO promocion (id,id_sucursal,inicio,duracion,fin,ventas_maximas,ventas_actuales,precio_paquete,id_producto,descripcion) VALUES (2,2,TO_DATE('10/10/2022', 'dd/mm/yyyy'), 15,TO_DATE('10/11/2022', 'dd/mm/yyyy'),20,1,1000,'feffcfeffffdfef','Promocion 2');
INSERT INTO promocion (id,id_sucursal,inicio,duracion,fin,ventas_maximas,ventas_actuales,precio_paquete,id_producto,descripcion) VALUES (3,1,TO_DATE('15/10/2022', 'dd/mm/yyyy'), 5,TO_DATE('16/10/2022', 'dd/mm/yyyy'),7,1,1000,'deeffedefffed','Promocion 3');
INSERT INTO promocion (id,id_sucursal,inicio,duracion,ventas_maximas,precio_paquete,descripcion) VALUES (4,1,TO_DATE('9/10/2022', 'dd/mm/yyyy'), 12,10,10000,'Promocion 4');
INSERT INTO promocion (id,id_sucursal,inicio,duracion,ventas_maximas,id_producto,descripcion) VALUES (5,2,TO_DATE('1/10/2022', 'dd/mm/yyyy'), 18,30,'fffffffffdfbf','Promocion 5');
INSERT INTO promocion (id,id_sucursal,inicio,duracion,ventas_maximas,id_producto,descripcion) VALUES (6,2,TO_DATE('5/10/2022', 'dd/mm/yyyy'), 20,13,'efddeeffeffffff','Promocion 6');
INSERT INTO promocion (id,id_sucursal,inicio,duracion,ventas_maximas,id_producto,descripcion) VALUES (7,2,TO_DATE('14/10/2022', 'dd/mm/yyyy'), 5,5,'eaefffdeff','Promocion 7');
INSERT INTO promocion (id,id_sucursal,inicio,duracion,ventas_maximas,precio_paquete,descripcion) VALUES (8,2,TO_DATE('12/10/2022', 'dd/mm/yyyy'), 10,10,50000,'Promocion 8');

SELECT ID_SUCURSAL FROM USUARIO WHERE CODIGO_USUARIO = 20;
--INSERT INTO VENTA_PRODUCTO VALUES(520,3,'eeffeefd8eb',1,10,57000,23,TO_DATE('15/02/2021', 'dd/mm/yyyy'), null)